{"train_loss": 0.18560582399368286, "_timestamp": 1673262255.378174, "_runtime": 109.1981589794159, "_step": 195, "_wandb": {"runtime": 109}}