{"train_loss": 0.4486430585384369, "_timestamp": 1673262127.553259, "_runtime": 20.83362579345703, "_step": 27, "_wandb": {"runtime": 20}}